"1AAA","rkyOXTalQ"
"1AAB","H1lJOmT6g7"
"1AAC","S1-Ju7aaem"
"1AAD","B1MJOXTal7"
"1AAE","H1mkdQTpxm"
"1AAF","Sk4JuQpTgQ"
"1AAG","rJrydXa6lX"
"1AAH","HJLkuQTTl7"
"1AAI","BkDy_mTTx7"
"1AAJ","BkuJOm6ax7"
"1AAK","SkF1u7pTlX"
"1AAL","ryc1d7TTxm"
"1AAM","HJs1dmaTg7"
"1AAN","Bk31_XpTgX"
"1AAO","rJTkdmTTeQ"
"1AAP","B1A1_QTplm"
"1AAQ","HyylJ_QaTgm"
"1AAR","ByggJ_QapgX"
"1AAS","rJZlkOXp6gm"
"1AAT","Hkzgk_QTaxX"
"1AAU","Bk7ey_X6TeX"
"1AAV","rk4lJ_Q6pl7"
"1AAW","S1Sg1OXT6eQ"
"1AAX","HJIg1dXaTlm"
"1AAY","SyDx1uQT6l7"
"1AAZ","H1dlydm6pl7"
"1ABA","rJFeku7TpgX"
"1ABB","By9ekuXaTxQ"
"1ABC","B1je1O7ppx7"
"1ABD","Hknek_mp6lm"
"1ABE","SJaeyOQp6lQ"
"1ABF","HyAxkdm6aeX"
"1ABG","rkybkumTalm"
"1ABH","rJeZJOXpTxm"
"1ABI","SJZWkd7aTlQ"
"1ABJ","rkfbyuQTTeQ"
"1ABK","ryXWyu7T6xQ"
"1ABL","rJVWk_XpTe7"
"1ABM","SJB-J_mTTlX"
"1ABN","rkIWJ_76pxm"
"1ABO","HyP-1_766gm"
"1ABP","r1_WJum6Tlm"
"1ABQ","S1Yb1u7TpeQ"
"1ABR","Bk5Z1u766xX"
"1ABS","HJjb1u7ppg7"
"1ABT","Hyn-Ju76plQ"
"1ABU","Byp-yd7TaeQ"
"1ABV","Sy0-ydmp6l7"
"1ABW","SyJzkuma6l7"
"1ABX","rkxzJ_Q6pg7"
"1ABY","SJWGk_7TTe7"
"1ABZ","ByGzyO76Tem"
"1ACA","SkQfyOX6Tlm"
"1ACB","SJNMyuXpalm"
"1ACC","SkBf1d766gQ"
"1ACD","BJLzJdX66lX"
"1ACE","B1PG1_XppgQ"
"1ACF","H1_zk_m66gQ"
"1ACG","rJYGJ_Q6alm"
"1ACH","r15Mk_m66gm"
"1ACI","BJjzkum66xX"
"1ACJ","BkhMyOQpplX"
"1ACK","BJafkdX6pxX"
"1ACL","SyCMkuXpTl7"
"1ACM","B1JXJ_XTTxX"
"1ACN","S1xm1OQ6pl7"
"1ACO","Hy-XJ_XpagQ"
"1ACP","ryfQy_mTplX"
"1ACQ","ByXmk_Q66xQ"
"1ACR","ryVQkdmaae7"
"1ACS","r1HQyd7apxX"
"1ACT","HyU7JdmT6lQ"
"1ACU","rkPX1umaTeX"
"1ACV","HydQy_QpTlX"
"1ACW","r1KQk_7apl7"
"1ACX","B197y_QTpeQ"
"1ACY","SJo71_X66gX"
"1ACZ","Hk2XJOX6ax7"
"1ADA","Sy6Q1dQ6Tlm"
"1ADB","BJ0QJumT6l7"
"1ADC","Bk1VyuXpal7"
"1ADD","Syg41uQpaeQ"
"1ADE","By-VJdXpTg7"
"1ADF","rJGN1u7p6xQ"
"1ADG","ByX4yOXpTgX"
"1ADH","BJENJOmaae7"
"1ADI","rySNyOQapeX"
"1ADJ","S1LE1dmpal7"
"1ADK","H1DV1_7ppeX"
"1ADL","By_4kdXpagQ"
"1ADM","HkKNk_Xp6xQ"
"1ADN","rJcVk_QT6xQ"
"1ADO","SkiNJd7Tpg7"
"1ADP","BJhEJ_QaTeX"
"1ADQ","B1aEyuXTTlm"
"1ADR","r1RVyO7TalQ"
"1ADS","rk1rkO7TplQ"
"1ADT","HklrJdmTTgQ"
"1ADU","HJ-SJd7TTgQ"
"1ADV","rkMSJ_7aTgm"
"1ADW","rkXSJu76axQ"
"1ADX","Sy4By_XaTgQ"
"1ADY","B1SSyOmaTeX"
"1ADZ","SJUSJ_7p6xm"
"1AEA","Syvr1uXa6lQ"
"1AEB","S1OHkO7TTlX"
"1AEC","SyYrkOmaplQ"
"1AED","Hy9BJum6aeX"
"1AEE","Sksr1u766x7"
"1AEF","rknB1u7p6eX"
"1AEG","rkpryu7Taem"
"1AEH","H10rkOQpaeX"
"1AEI","SykIJ_Q6pem"
"1AEJ","rke8J_QapgX"
"1AEK","BJbI1umTag7"
"1AEL","BkGIk_7a6xQ"
"1AEM","HyQUku7aTeX"
"1AEN","SyV8JOXTTxm"
"1AEO","H1SLJ_76Tx7"
"1AEP","r1IU1uXpTl7"
"1AEQ","ryDU1_7T6eQ"
"1AER","BydL1dQ6pxX"
"1AES","rktL1OX6pem"
"1AET","Sy5IJ_76alQ"
"1AEU","rksUkdXaaxX"
"1AEV","SJ2L1d7p6lQ"
"1AEW","Hy6UJ_Q66xQ"
"1AEX","H10Uyd7T6xQ"
"1AEY","S1kDkum6axm"
"1AEZ","HkxDku7aaxm"
"1AFA","SJbDyO76plm"
"1AFB","H1fDyuXppxX"
"1AFC","BJmPk_maagQ"
"1AFD","H1ND1uma6lQ"
"1AFE","BkrDyOXppxX"
"1AFF","H1LvydXTTxQ"
"1AFG","SkvwJdQT6xm"
"1AFH","SJuwyOXapxQ"
"1AFI","SJYwkdm6pgQ"
"1AFJ","rJ5vk_7aplX"
"1AFK","ByoDkOQ6Tgm"
"1AFL","HkhPJdQapgX"
"1AFM","rJTPkdXTTgX"
"1AFN","BkCvJ_Q6TeQ"
"1AFO","r1kdkdQaalX"
"1AFP","Ske_1_7ape7"
"1AFQ","S1WOJd7paeX"
"1AFR","S1fOy_76aem"
"1AFS","rkm_ydXaTg7"
"1AFT","S1NuydQaTx7"
"1AFU","HJrO1_Qppe7"
"1AFV","BJIOkdmT6x7"
"1AFW","ryPOyum66lQ"
"1AFX","ryOuku7ppeQ"
"1AFY","HyF_Ju76aem"
"1AFZ","rJ5dydQpax7"
"1AGA","S1od1d7a6l7"
"1AGB","r1hdyu7p6xX"
"1AGC","HJT_k_Xpax7"
"1AGD","By0_1OQppgX"
"1AGE","B1ktJuXpaxm"
"1AGF","SyxKJu7T6xm"
"1AGG","rkZFku7apgX"
"1AGH","BJzt1_mpag7"
"1AGI","SyXKkOQa6lX"
"1AGJ","rJNFk_7ppeQ"
"1AGK","HySFJOQT6lm"
"1AGL","r1IKkOmTpg7"
"1AGM","HJPY1_Qp6eQ"
"1AGN","Bk_K1uXaplm"
"1AGO","S1tt1dX66xX"
"1AGP","Hy9K1d7apgm"
"1AGQ","H1jtkd7TTg7"
"1AGR","HJntJOmpTe7"
"1AGS","HkTK1dQaTl7"
"1AGT","HkAFyOmpplm"
"1AGU","HJkcyu7apeQ"
"1AGV","rygcJOXTpeQ"
"1AGW","SJZ9yOmppeX"
"1AGX","r1GckuQpaem"
"1AGY","BJ751_76Tx7"
"1AGZ","S1V91_Qppl7"
"1AHA","H1Bcy_maae7"
"1AHB","B1Uqkd7TTg7"
"1AHC","ryw9JdXTalX"
"1AHD","r1uq1_X66xX"
"1AHE","ByFcJumTpxm"
"1AHF","ry5qyuQT6lQ"
"1AHG","S1j9J_mp6e7"
"1AHH","Hkh9y_QT6xm"
"1AHI","H1T5kOm6axQ"
"1AHJ","HyAcJOmaTgm"
"1AHK","H1Jiy_mT6lX"
"1AHL","H1gj1uQpplm"
"1AHM","S1Zj1umTaem"
"1AHN","HkMskdQ6TeQ"
"1AHO","HyQoJumaaxm"
"1AHP","rJNoJ_76px7"
"1AHQ","Hkrsydmapl7"
"1AHR","B1Uo1OQaaxQ"
"1AHS","rJwskOmTpgQ"
"1AHT","rJ_s1OQTTgX"
"1AHU","rkFoy_X6TlX"
"1AHV","S1qjkuQ6plQ"
"1AHW","r1oiJ_mTTgQ"
"1AHX","ry3o1uXpplm"
"1AHY","rkaj1_X66gQ"
"1AHZ","S1CoJ_maTgX"
"1AIA","r112kd7Tae7"
"1AIB","r1lnkOQa6xX"
"1AIC","HyZn1_XT6gQ"
"1AID","S1MhkOQ6al7"
"1AIE","SyQ2yOQTal7"
"1AIF","BJ43yO7apgX"
"1AIG","SJr3k_7T6gQ"
"1AIH","HyLnyuXT6gX"
"1AII","SJw3kdXpTgQ"
"1AIJ","SJun1dQTpeQ"
"1AIK","ryYn1dXaTx7"
"1AIL","S1c3JdmapgX"
"1AIM","Skj3yumaTgm"
"1AIN","HkhnJOXTTeX"
"1AIO","Hka2kdXppe7"
"1AIP","SJA3ydQp6em"
"1AIQ","rkkT1_XTaeX"
"1AIR","rJlaJOX66lX"
"1AIS","ry-6kdXapgX"
"1AIT","BJMTkdQa6gQ"
"1AIU","ryQaydQpaeQ"
"1AIV","HyEaJdmTTeQ"
"1AIW","B1B6J_m66e7"
"1AIX","HyIpyOQp6x7"
"1AIY","r1w6JuQpaxX"
"1AIZ","S1O6kdXTpx7"
"1AJA","B1Fpku7a6g7"
"1AJB","B1561OQ6Tx7"
"1AJC","H1o6J_QaTxX"
"1AJD","S126y_QaagQ"
"1AJE","rkaT1uXppem"
"1AJF","HyCTJdmT6eQ"
"1AJG","Bk1Aku76Txm"
"1AJH","BJgA1d76pgm"
"1AJI","SybA1O7aTx7"
"1AJJ","H1GCJO7pag7"
"1AJK","HJXAydQp6eX"
"1AJL","HyEA1_7pplX"
"1AJM","HySAJOm6plX"
"1AJN","ByI0y_76ag7"
"1AJO","rJPCyu7p6lX"
"1AJP","BJuAydQ6Tgm"
"1AJQ","BJYA1uXTTeX"
"1AJR","H19AJdXTTxX"
"1AJS","HJsRJuX66xQ"
"1AJT","HJh0yOmaTem"
"1AJU","r1pRyO7aTx7"
"1AJV","H1RCk_Qpaem"
"1AJW","S11yey_m6TgX"
"1AJX","Hyg1xyuQ6pgQ"
"1AJY","B1W1eJ_7aplQ"
"1AJZ","rJzygy_XTae7"
"1AKA","H1QklkdQpTxQ"
"1AKB","HyNkgku7Tag7"
"1AKC","BkrJgyOXp6em"
"1AKD","r18JxydX66lm"
"1AKE","Bywklyumpax7"
"1AKF","SyOJxJ_m6px7"
"1AKG","B1KyeyumTaxX"
"1AKH","Bycylkumppxm"
"1AKI","H1okeJO7aalQ"
"1AKJ","SJ31x1O7TalX"
"1AKK","SJ6Jl1OXp6g7"
"1AKL","BJC1g1dQTpgX"
"1AKM","Sykgl1OXapxX"
"1AKN","S1lggyOQaplQ"
"1AKO","BkbxlkOQTplQ"
"1AKP","HyGlxyOQapgQ"
"1AKQ","HJmxx1dmTagX"
"1AKR","HyNelkd7T6l7"
"1AKS","SkBex1umT6gQ"
"1AKT","B1UllkOmTalm"
"1AKU","Bkwgx1dQpTeX"
"1AKV","SyuggJuQppxm"
"1AKW","BJFxxydm6pl7"
"1AKX","H19gxkOXT6l7"
"1AKY","rkigeyO7ppe7"
"1AKZ","rJhgly_maag7"
"1ALA","S1agl1_7T6g7"
"1ALB","HyRelyOma6em"
"1ALC","H1yZgJump6eQ"
"1ALD","rkgZlkOXaaxQ"
"1ALE","BkZ-g1_QaTl7"
"1ALF","S1fbeJ_Xpal7"
"1ALG","ryXWeJ_mapx7"
"1ALH","ryNbeJ_XppgQ"
"1ALI","BkSZg1OQa6g7"
"1ALJ","Bk8blJdQp6lQ"
"1ALK","Byvbgk_7aTlQ"
"1ALL","r1_-xJ_Qa6l7"
"1ALM","ryFbxy_7a6xX"
"1ALN","HJcZg1uX6peX"
"1ALO","H1sWlyuQa6xX"
"1ALP","S1nZgydmT6eX"
"1ALQ","rJTWey_XpTe7"
"1ALR","rJR-x1_maal7"
"1ALS","BJJzxJ_mTTxm"
"1ALT","HJlGxyOXTTlm"
"1ALU","S1bGlk_X6aem"
"1ALV","BkMMgy_m6pgQ"
"1ALW","HymfxJOmp6e7"
"1ALX","HkNMxk_XTaeQ"
"1ALY","r1rfe1u7T6gm"
"1ALZ","HJ8Glku766l7"
"1AMA","H1PfxJu7Tplm"
"1AMB","BJ_Gl1u7TTx7"
"1AMC","r1FGg1Om66gQ"
"1AMD","B1qzlkOXa6gX"
"1AME","SyoMx1_QpagQ"
"1AMF","rkhfgJOXaTxm"
"1AMG","S16feJuQTplm"
"1AMH","S1AzlJ_Xa6x7"
"1AMI","HyymxJd7aTgm"
"1AMJ","rJeQekOmTpl7"
"1AMK","SJZXeyumTTg7"
"1AML","HJMQgydmpTe7"
"1AMM","ryXmxyuma6eQ"
"1AMN","BkNXlJdQT6lm"
"1AMO","HyB7lkdXTaeQ"
"1AMP","HkL7gyOm6TlX"
"1AMQ","rkPXlk_XaTlQ"
"1AMR","r1OXeJu7a6eX"
"1AMS","HkFXxJO7aTgQ"
"1AMT","Bk9Ql1uQaTe7"
"1AMU","HJoXe1_QppxX"
"1AMV","SJhQxkdmTTx7"
"1AMW","S1aXlkuQp6lX"
"1AMX","ry07x1u7p6em"
"1AMY","ryJExJd7p6eQ"
"1AMZ","HygEgydXT6x7"
"1ANA","S1WNgy_XT6lQ"
"1ANB","SkGVe1_XTaxQ"
"1ANC","BJmEgkOmT6lX"
"1AND","SJVVxkdQaTgQ"
"1ANE","r1SNgkOmpalm"
"1ANF","ByLElyuQ6px7"
"1ANG","HkvElJdXTaxm"
"1ANH","Hyu4gkO76pxX"
"1ANI","rJFNg1u766lm"
"1ANJ","r1cVg1_7aag7"
"1ANK","Hki4gku76axX"
"1ANL","ry34lkOX6Tg7"
"1ANM","HypNekdX6agX"
"1ANN","SJ04x1uXpplX"
"1ANO","rJyHgkOmaTeQ"
"1ANP","BklSxy_QTaxm"
"1ANQ","S1WHgyOXaTgX"
"1ANR","r1frlJdXaalQ"
"1ANS","BJmrek_7aplX"
"1ANT","BkNSxJOXTagX"
"1ANU","HyrBlJOQTTl7"
"1ANV","HkUSlk_QTpgm"
"1ANW","S1DSg1OmTaxm"
"1ANX","ByOreyuQpaxX"
"1ANY","rJtreJ_Xppl7"
"1ANZ","B15rgkuX66gX"
"1AOA","SyoBgJu7paxm"
"1AOB","r13Bxk_QTpxQ"
"1AOC","BkaSeJdmaTlQ"
"1AOD","HJ0SxkuXTplQ"
"1AOE","B1JUek_Qp6lX"
"1AOF","HJxUlyO7apxQ"
"1AOG","B1ZUeyOQapxX"
"1AOH","HJGIlJu7p6xX"
"1AOI","rJmLekumT6gm"
"1AOJ","SkVIeJOXp6em"
"1AOK","rJSIxk_76px7"
"1AOL","SJU8lyuXpplQ"
"1AOM","ByPIgkum6peQ"
"1AON","H1_8eyuXpae7"
"1AOO","BkKLlku7apgX"
"1AOP","B1cUgy_maTe7"
"1AOQ","HJiLly_XppxX"
"1AOR","rknUx1u7pTx7"
"1AOS","r16LgJOm66g7"
"1AOT","B10Ugkd7aplQ"
"1AOU","HJyPey_7Talm"
"1AOV","Hygwg1dm6axQ"
"1AOW","r1bwgkumTaeQ"
"1AOX","rJGwxk_QapxQ"
"1AOY","rk7wek_mTpgm"
"1AOZ","SyEPl1_Xapg7"
"1APA","H1Bwl1_Q6TxX"
"1APB","HkUPeJOm6axQ"
"1APC","ByDPl1u7aaxX"
"1APD","HJOPlk_QT6gm"
"1APE","H1tPgyu7pTe7"
"1APF","rkcwlyd76TgQ"
"1APG","B1iPgkOXTTg7"
"1APH","S13vxydQaaeX"
"1API","S1pPx1dQpal7"
"1APJ","SkAPe1_766e7"
"1APK","Hy1dgydXTax7"
"1APL","HJgdxkdXpTx7"
"1APM","B1-dx1dm66eQ"
"1APN","BkMug1uXa6xm"
"1APO","HkQdgyOmTTeQ"
"1APP","BJEdx1uXa6gX"
"1APQ","SyrOx1_76Tl7"
"1APR","H1L_xydmTTeQ"
"1APS","SyPdgkuQTplX"
"1APT","HJOOlJdXa6e7"
"1APU","B1F_e1u7Tpx7"
"1APV","S15uxJOXaae7"
"1APW","rJsux1uXTaxX"
"1APX","r12ulyu7aalQ"
"1APY","Bk6Oeku7T6em"
"1APZ","H10uxyum6pxX"
"1AQA","Sy1tekOmaax7"
"1AQB","rketgJOQppxQ"
"1AQC","H1-Fgk_Q6pgQ"
"1AQD","H1GKe1umTTgm"
"1AQE","BkXKlydm6Tgm"
"1AQF","BJ4txyuQTaeX"
"1AQG","HJSYl1_QpTgQ"
"1AQH","B18txy_m66xQ"
"1AQI","rywYgyu7pae7"
"1AQJ","SyuYxyuQ66xX"
"1AQK","ryKYx1_7aTxQ"
"1AQL","ry9Ygk_XTagX"
"1AQM","S1jYlkOXaaeQ"
"1AQN","r12YlyOXTaxQ"
"1AQO","BJTtgyuXp6lX"
"1AQP","HkCFeJuQapeQ"
"1AQQ","BJyqeydQa6gm"
"1AQR","B1gce1d7ppx7"
"1AQS","Hk-cxJOX6Txm"
"1AQT","Skz9lkuQaplQ"
"1AQU","rJmqgJ_Xaaem"
"1AQV","S1EqxydmpalX"
"1AQW","ByS9lyu7aTem"
"1AQX","HyIcgyd766eX"
"1AQY","ryDcxJO7TaxQ"
"1AQZ","rJucgkd7aagX"
"1ARA","BkK5eJdQapxX"
"1ARB","Hkq5xk_76pxQ"
"1ARC","Hks5xJdm6alm"
"1ARD","BJ2cxJdQ66lX"
"1ARE","S1pqeJ_XpTlX"
"1ARF","H1R9gk_76px7"
"1ARG","SykjxyuXTTgm"
"1ARH","SylslJ_Q66xm"
"1ARI","ry-slkuQape7"
"1ARJ","HkGie1_XTpe7"
"1ARK","H1moe1Oma6xX"
"1ARL","S1EjekdXpTx7"
"1ARM","B1Hjly_7a6lQ"
"1ARN","ryUox1um6axQ"
"1ARO","B1Psg1OQaax7"
"1ARP","SJdjeJd7a6em"
"1ARQ","HkFilydmpalX"
"1ARR","BJqjxyuXT6g7"
"1ARS","rJijxkuXaagX"
"1ART","By3se1_mppgQ"
"1ARU","SJaolk_mpplm"
"1ARV","BkRie1OQpTgQ"
"1ARW","r1y2lkuXppgX"
"1ARX","Bygnlkd76pl7"
"1ARY","B1W2eJumT6lX"
"1ARZ","rJznx1ump6gQ"
"1ASA","SJm3lkdmT6x7"
"1ASB","BJNneyOXaTgX"
"1ASC","HJHhekd766eQ"
"1ASD","BJU3eyO7T6g7"
"1ASE","HkD2xkdXa6gQ"
"1ASF","H1dhgJ_Qa6eQ"
"1ASG","HkFne1_QTTeQ"
"1ASH","Sychl1_XTTlX"
"1ASI","SJi3lyOmapeQ"
"1ASJ","Bkh3xJOmTaxQ"
"1ASK","SkT3ek_QaagQ"
"1ASL","S1A3gyOQTpgm"
"1ASM","HyyTgy_XpTg7"
"1ASN","HyeTekdmpaem"
"1ASO","HkWpgk_Qapg7"
"1ASP","Hkfpgku766lX"
"1ASQ","ryX6eJdXapxQ"
"1ASR","S1N6e1OQ6Tgm"
"1ASS","BySTekuQapxQ"
"1AST","Sy8plkuX66gm"
"1ASU","HkDpeyuXapeQ"
"1ASV","rk_px1uQTpxX"
"1ASW","SyKaxy_X66g7"
"1ASX","Sk5agkdXTae7"
"1ASY","B1jTx1uQa6lQ"
"1ASZ","Hk3ae1uXaaxm"
"1ATA","SJT6eJ_7TTlm"
"1ATB","ryATg1OXTalQ"
"1ATC","rJkRe1dQp6eQ"
"1ATD","ByxRgkO7ppxX"
"1ATE","BkW0e1_QaTgQ"
"1ATF","BkGCgyOX6TgQ"
"1ATG","B1QCl1uXT6gm"
"1ATH","SyNRg1_Q6agQ"
"1ATI","HkSRlkuXTTgm"
"1ATJ","HJL0xydmpTg7"
"1ATK","r1PAe1_mpTeQ"
"1ATL","BJ_Re1_7T6lX"
"1ATM","ryKReJump6xQ"
"1ATN","ry9Cx1uQTax7"
"1ATO","Syo0gy_XTaxm"
"1ATP","HJnRek_QT6lQ"
"1ATQ","SJp0e1uQpTgQ"
"1ATR","r1AAly_mTaxm"
"1ATS","rkJJ-k_QTpgX"
"1ATT","Ske1WJumpTlm"
"1ATU","S1b1ZydQaag7"
"1ATV","SkGkZkdQT6e7"
"1ATW","rkm1bJ_mpaeX"
"1ATX","r1EJZ1umTaxX"
"1ATY","HyrJZ1_mpplX"
"1ATZ","rJLkZy_maalm"
"1AUA","r1v1Z1O7TTxm"
"1AUB","BJOybJdXpTeX"
"1AUC","rJYkWkuX66lm"
"1AUD","ry9kZJu7p6xQ"
"1AUE","HkskZkd7aTl7"
"1AUF","HyhJZJOQp6lQ"
"1AUG","SJa1Z1dm6plm"
"1AUH","H1AyZJ_mp6xQ"
"1AUI","B11e-JO7aal7"
"1AUJ","HyglbyuQapgQ"
"1AUK","rkbgZk_XpaeX"
"1AUL","HyzgWkd7TTem"
"1AUM","Sk7lZJOXT6g7"
"1AUN","H1EebkOm6TxX"
"1AUO","SkHxWJ_Qa6gm"
"1AUP","SJUx-1_QT6lX"
"1AUQ","HyPl-J_m6peQ"
"1AUR","ByOxZJOm6Tl7"
"1AUS","Hktgb1OQTplm"
"1AUT","Hk5xZkdmTpgX"
"1AUU","r1jx-Ju7p6g7"
"1AUV","ByhlZ1u76Te7"
"1AUW","B16gbJuXaplX"
"1AUX","BJAlWy_7T6lQ"
"1AUY","BJJW-ku7TalX"
"1AUZ","rkeZ-1dX6pem"
"1AVA","Sk-b-1_QT6gQ"
"1AVB","r1Gb-yuQaalX"
"1AVC","B1QWbydQppe7"
"1AVD","ByEbZk_QpTx7"
"1AVE","SJrbZy_mpae7"
"1AVF","ryIbZk_mTTgQ"
"1AVG","S1vbZ1OXpTeQ"
"1AVH","Hk_ZZyO7T6g7"
"1AVI","rJKbWk_766xX"
"1AVJ","ByqZZyu7TTgX"
"1AVK","SysbWk_766g7"
"1AVL","Bkh-ZkuXa6gQ"
"1AVM","BkpbWkuX66e7"
"1AVN","H1RW-kdm66gX"
"1AVO","HJ1f-yd7Tae7"
"1AVP","H1lM-kuXTagQ"
"1AVQ","SJbfWkumaTl7"
"1AVR","r1GGW1dXa6x7"
"1AVS","Hk7MZJ_7pTeX"
"1AVT","SkVM-kdmpaeX"
"1AVU","ryBMbkOXaax7"
"1AVV","HyLzbyumTTlQ"
"1AVW","SkDzZ1umpTgm"
"1AVX","H1uz-JuXa6lm"
"1AVY","HJYMZydQ6Tl7"
"1AVZ","SkqfZJdmpaeQ"
"1AWA","HJifZk_QTTem"
"1AWB","S13zbJOXpTxQ"
"1AWC","BJpfWyO7Tpg7"
"1AWD","BJ0MZkuXTplX"
"1AWE","BJyQWyO7p6em"
"1AWF","BJlXZJ_7pTgX"
"1AWG","ByZmbkuQ6agQ"
"1AWH","S1M7bydmape7"
"1AWI","BkXXWydXp6xX"
"1AWJ","B14XWJOXppgQ"
"1AWK","SkHmbkO7T6e7"
"1AWL","B1U7WyuX66xX"
"1AWM","H1PQ-J_Q66gm"
"1AWN","HydX-JuQaax7"
"1AWO","rkY7Wydm6plX"
"1AWP","ry57-JdQp6g7"
"1AWQ","H1i7b1uQ6pl7"
"1AWR","H12mbkdXaalm"
"1AWS","SkTmWyd7Tax7"
"1AWT","BJRmbydXa6lQ"
"1AWU","ByJVWJuXaTem"
"1AWV","HkeNZyuQapgQ"
"1AWW","rk-NW1d76Tlm"
"1AWX","rJzE-1umT6lm"
"1AWY","B17Vb1_Xa6eX"
"1AWZ","rk44W1uQ6Tx7"
"1AXA","S1rV-k_Q6Tx7"
"1AXB","rJ84W1uXTaxX"
"1AXC","BkDE-1_mTTeX"
"1AXD","BJuVb1dQTpem"
"1AXE","H1tVbJOQa6gm"
"1AXF","rk9EWJOXTal7"
"1AXG","r1sVZJuX6px7"
"1AXH","B1nEbyd7p6xm"
"1AXI","S1TV-kdma6em"
"1AXJ","ry04-kdXT6lQ"
"1AXK","r1yHb1umaTem"
"1AXL","SyxSb1_mapgX"
"1AXM","B1WHbJu7T6eX"
"1AXN","ryzrZkumTTeQ"
"1AXO","B1mH-J_QTaxQ"
"1AXP","rJNr-1u76TxX"
"1AXQ","B1HrWJuXT6gQ"
"1AXR","BkISby_766eX"
"1AXS","BkwHZyumTag7"
"1AXT","By_SWy_mTaeX"
"1AXU","H1YH-yOXTTx7"
"1AXV","Hy5SWJOm6Tlm"
"1AXW","BJiB-yOXT6g7"
"1AXX","rJhH-kdQ6Te7"
"1AXY","rkpBb1_7p6xQ"
"1AXZ","B1AB-kdmTTgm"
"1AYA","S1k8-ydXapgm"
"1AYB","Skg8Wy_Q6TlQ"
"1AYC","ByW8bJ_7aTgQ"
"1AYD","HkM8Wy_mTalQ"
"1AYE","BkXU-y_X6Tg7"
"1AYF","SyNI-J_m6peQ"
"1AYG","HyBLZJ_Xaagm"
"1AYH","B1IUWJuXape7"
"1AYI","H1DUbyOmT6x7"
"1AYJ","By_UZJu7a6gX"
"1AYK","SkY8-JOQpal7"
"1AYL","S19U-y_XTalm"
"1AYM","BJiUZ1_Xa6gX"
"1AYN","Hy3I-1_mp6xX"
"1AYO","r1pL-yO766gQ"
"1AYP","HyAU-kOQTaem"
"1AYQ","SkkPbJO766xX"
"1AYR","ByxDZkuXpTlm"
"1AYS","SyZDZkdmpTlm"
"1AYT","rJzPbk_XTTg7"
"1AYU","B1QD-y_mppxX"
"1AYV","rkNvWJu7p6e7"
"1AYW","rJrvbJuXppe7"
"1AYX","SyUv-yuX6TlX"
"1AYY","HyPP-JdQppxQ"
"1AYZ","r1_Db1u7ppgX"
"1AZA","SyFwbJuXT6g7"
"1AZB","By9PZ1um66em"
"1AZC","rkjwb1_X6agQ"
"1AZD","rJnDZkOmaTxm"
"1AZE","HJTPZJ_m66g7"
"1AZF","SJAwZy_mppxQ"
"1AZG","ByJOZJd76peX"
"1AZH","rkguWJdQ6axX"
"1AZI","BJZOZJ_QpTgX"
"1AZJ","H1fOWJdXp6xQ"
"1AZK","r17dbJuXp6e7"
"1AZL","rJEuZy_76pxX"
"1AZM","ryrO-1_XaTlm"
"1AZN","BJ8OW1u7pTxm"
"1AZO","ryw_bk_Xpal7"
"1AZP","HyuOZ1uma6xm"
"1AZQ","S1KuZkdQa6gQ"
"1AZR","S1q_WJdQ6pgQ"
"1AZS","rkoOWyuQpTx7"
"1AZT","Sy2_-Jdm6axQ"
"1AZU","Byadb1OmpTeX"
"1AZV","BJ0u-1d7a6xm"
"1AZW","Hy1Y-Jum66xQ"
"1AZX","HJxFbk_7ppe7"
"1AZY","Sk-tbJ_7TaeX"
"1AZZ","BkzKZJu7ppeQ"
"1BAA","SJQFbJu7Tpgm"
"1BAB","rkVFb1_maTxX"
"1BAC","BkBKZ1d7Taxm"
"1BAD","SJLY-ydQT6gQ"
"1BAE","rkwtbydmppgm"
"1BAF","ryutZkOXpTlm"
"1BAG","SyKFb1_X66em"
"1BAH","BkcK-JuX6aem"
"1BAI","SJjFW1_7pTlX"
"1BAJ","Bk3t-1_mT6l7"
"1BAK","B16tWJOQaTl7"
"1BAL","ByRF-1OXa6lQ"
"1BAM","SJkqZ1_Q6ag7"
"1BAN","rylc-1u7ppeQ"
"1BAO","SJb5W1OXTpx7"
"1BAP","Hyfq-yOXTplX"
"1BAQ","BJQc-1_7ppxQ"
"1BAR","ryE9-1O7pae7"
"1BAS","BJHcbkdmppxX"
"1BAT","Hk85ZJuXTpgQ"
"1BAU","rJw9Wy_mTTxm"
"1BAV","H1uqb1OQppeX"
"1BAW","rkYc-1dmpaem"
"1BAX","H1c9bydmpTlQ"
"1BAY","BJjcZ1ump6em"
"1BAZ","Sk25WJdQpagQ"
"1BBA","B1acZk_Qaplm"
"1BBB","rkCc-yuXaaeQ"
"1BBC","r1kj-1_XpTem"
"1BBD","HJxjbkdmT6xm"
"1BBE","HyboW1O7a6lm"
"1BBF","ryzj-k_7TTlm"
"1BBG","r1QjWyum66g7"
"1BBH","B14s-JuQaag7"
"1BBI","HyHoW1_QTTeQ"
"1BBJ","SJUibJdQaagX"
"1BBK","H1wsZJu7T6xm"
"1BBL","rydoWkuXT6eQ"
"1BBM","HJFoW1_76px7"
"1BBN","H19sW1_m6peQ"
"1BBO","BJjsZJ_7ppxQ"
"1BBP","HkniZk_mpae7"
"1BBQ","BJ6obJdmppeX"
"1BBR","B1CjbkO7a6eX"
"1BBS","BJJh-J_76axX"
"1BBT","S1x3Z1u7TTxm"
"1BBU","SJ-hZJOmpTl7"
"1BBV","H1z3ZydXT6lm"
"1BBW","ry7hZ1uXpTx7"
"1BBX","H1V3-ydmTTl7"
"1BBY","B1B3W1um66em"
"1BBZ","S1U2b1dXa6lm"
"1BCA","HyD3W1_7Talm"
"1BCB","S1O3Zy_mT6gX"
"1BCC","HJF3Zk_XT6gQ"
"1BCD","By92bJd7Talm"
"1BCE","rksh-yd7apgX"
"1BCF","ryn3ZJdQ66eX"
"1BCG","rk6hWy_QTpx7"
"1BCH","Hy0h-JOXapg7"
"1BCI","SkJT-Ju7ppem"
"1BCJ","HygpWydma6x7"
"1BCK","SkbpbkuXa6xQ"
"1BCL","S1M6-1_76Tx7"
"1BCM","Sy7a-Jd766xX"
"1BCN","rkVTWkOm6axQ"
"1BCO","H1BTbJ_m66xQ"
"1BCP","r1Ipby_QaaeX"
"1BCQ","rkvpZy_7Taxm"
"1BCR","HydpZJd7TTgQ"
"1BCS","BktaWJuQTTx7"
"1BCT","S19abJ_7aax7"
"1BCU","HJsa-yumT6lQ"
"1BCV","Hynp-kO7a6x7"
"1BCW","S1T6Wk_Q6alm"
"1BCX","Bk0a-Ju7pagQ"
"1BCY","r1JR-kdm66em"
"1BCZ","HyeCWkd7aal7"
"1BDA","rkbR-y_maaeQ"
"1BDB","BJM0W1d7a6eX"
"1BDC","HymC-JdXpagQ"
"1BDD","ryECZJOQpTx7"
"1BDE","SkrRWyuQ6ax7"
"1BDF","ryIC-JdXpTeQ"
"1BDG","ryP0byO7TTx7"
"1BDH","SkdA-1_QT6eX"
"1BDI","r1K0bk_XTpgm"
"1BDJ","rk50b1_76axX"
"1BDK","SJiRZkdXa6xm"
"1BDL","Byh0W1dmaTl7"
"1BDM","r1aCZydQpTem"
"1BDN","r1AAWyuQTaeX"
"1BDO","HkykGy_766xm"
"1BDP","ByeyGkuQ66e7"
"1BDQ","BkWJGydX66l7"
"1BDR","ryfkGJOXTTxX"
"1BDS","BkXkfyOmppeX"
"1BDT","BJEyGy_XTpgm"
"1BDU","H1BkGyd7TTeQ"
"1BDV","BkL1M1Om6ae7"
"1BDW","HyPJfkOX6pg7"
"1BDX","rJO1M1OQ6Tem"
"1BDY","rJFJfJuQa6gX"
"1BDZ","BycyMJ_QpTg7"
"1BEA","rJsyzJdQ66xQ"
"1BEB","B13kfkdXppgX"
"1BEC","BkTyfJ_X66em"
"1BED","Sk0kM1OXTTlm"
"1BEE","BkJlfJu7TaxX"
"1BEF","rkgef1OXT6eX"
"1BEG","r1bxfkdQ6peQ"
"1BEH","rkflGJ_Xp6lm"
"1BEI","BJXgMJdQ6plQ"
"1BEJ","HkNxf1OmT6lm"
"1BEK","rJSgfkdXTpxm"
"1BEL","HJLlz1_Xppl7"
"1BEM","ryPeG1umppg7"
"1BEN","ryuxMJuXa6lm"
"1BEO","SJFezk_Xpag7"
"1BEP","Bk5xz1_m6pgm"
"1BEQ","rksgMyOXTagX"
"1BER","rknlMkOm6aem"
"1BES","SJaeGkO7pTxQ"
"1BET","Sk0eG1d7aTx7"
"1BEU","BJybzy_m6pem"
"1BEV","HJg-MJOXa6gQ"
"1BEW","BkZbGJ_7T6x7"
"1BEX","BJGZG1dQ66eQ"
"1BEY","SkXbGkO7Tae7"
"1BEZ","BkEbz1dXpagm"
"1BFA","HkrZMJdXppgX"
"1BFB","rJ8WMy_X66x7"
"1BFC","S1P-zJ_mpplQ"
"1BFD","By_WMkdQa6l7"
"1BFE","SyKWGJO7paeX"
"1BFF","Sy5WzydXT6e7"
"1BFG","Byo-GyOXpalQ"
"1BFH","BJ2-Gku7apx7"
"1BFI","r1aZzJuQapl7"
"1BFJ","SyA-fyOQTagm"
"1BFK","BkJzfyOmTTlm"
"1BFL","SylfG1O7paeQ"
"1BFM","BJWGMJOm6pe7"
"1BFN","HkGMGJumaplm"
"1BFO","rkmzMkump6xQ"
"1BFP","HJEzzkumT6lm"
"1BFQ","rJrGG1_XT6gX"
"1BFR","SkIzfJumpaxX"
"1BFS","ByDMGk_maTeQ"
"1BFT","Sy_MzJumaalX"
"1BFU","ryKfMJOQT6g7"
"1BFV","ByczMkOQa6lX"
"1BFW","BksGzydQppe7"
"1BFX","SknMfkdX6Tem"
"1BFY","Byaff1dQpagQ"
"1BFZ","HyRzG1dXp6xX"
"1BGA","H117fJ_7pTl7"
"1BGB","Bkl7z1OX6TeQ"
"1BGC","SkZmMy_m6Tem"
"1BGD","HyzmzyOm6Tl7"
"1BGE","Hk77zk_mpaxQ"
"1BGF","ByEmMJ_XTplm"
"1BGG","ByHmMJOmTTeX"
"1BGH","rJL7zyO7aTgQ"
"1BGI","S1wXMk_QaTx7"
"1BGJ","BJdmf1dQTaxQ"
"1BGK","B1tQfJdm66gX"
"1BGL","HyqXz1d76pxQ"
"1BGM","HJjQf1_Xp6l7"
"1BGN","Bk3QM1OX66xQ"
"1BGO","Sk6QGyd76aeX"
"1BGP","B10Qfkum6TeQ"
"1BGQ","r1k4zJ_m6pxX"
"1BGR","rkeVGJ_QaTlQ"
"1BGS","HJWEGkOQTTlm"
"1BGT","SkM4GkuXTpgQ"
"1BGU","HkQNG1_7aTxm"
"1BGV","ryENfJOXTpeQ"
"1BGW","HySVMyum6Tem"
"1BGX","H1UVGyuQTaeQ"
"1BGY","rkw4MydQ6TeQ"
"1BGZ","H1_EMJ_QT6l7"
"1BHA","SytNzJumTTx7"
"1BHB","Hk5EzyOXpaxX"
"1BHC","HkoEGku7aaxQ"
"1BHD","HJ3EfJdQa6e7"
"1BHE","H16NG1dmapeQ"
"1BHF","H1A4M1dQTaeQ"
"1BHG","rk1Sfy_m6pl7"
"1BHH","HJgBz1uQaTx7"
"1BHI","BybBMk_mp6l7"
"1BHJ","HyfSzkd7ppeX"
"1BHK","rJQrf1_QTaxQ"
"1BHL","HJEHfy_XpaxQ"
"1BHM","BkrHzJO76Tgm"
"1BHN","HJUSz1O76agX"
"1BHO","H1wSG1Om66gQ"
"1BHP","BkuHfyd7pTem"
"1BHQ","H1KHf1_XaTeX"
"1BHR","SJ5HGkO7a6xm"
"1BHS","HkjSf1d76pxQ"
"1BHT","rk3Hz1_mTpeX"
"1BHU","S1THzyumapeX"
"1BHV","SyRrfydmaaxX"
"1BHW","rkJLM1O7aplm"
"1BHX","B1eUzkuXa6xm"
"1BHY","Bk-Lzy_mTTlm"
"1BHZ","r1MLM1uXp6l7"
"1BIA","r1Q8My_XT6lX"
"1BIB","rk4Izyu7ppgX"
"1BIC","SJSIfk_mpTlX"
"1BID","ryUIM1_QaTgm"
"1BIE","rywIGydXTplX"
"1BIF","Bk_IzydmTplQ"
"1BIG","HyFUz1u7T6l7"
"1BIH","Hk9Lfyu7T6gX"
"1BII","SyoIMyuXaplQ"
"1BIJ","BJ2LfkdQ6TlX"
"1BIK","Byp8MJOmppeX"
"1BIL","r1CLM1uXTTg7"
"1BIM","SJkvz1u766xm"
"1BIN","r1xDzJuXTaeX"
"1BIO","BkWwGyuma6gQ"
"1BIP","BkMwGkd7pTeQ"
"1BIQ","rJmDGJuQTTxX"
"1BIR","B1NDzJOQTpem"
"1BIS","rkHDGy_7p6em"
"1BIT","HkLPf1dma6xX"
"1BIU","SkvvGJu7aaeX"
"1BIV","BkuwzyuQpae7"
"1BIW","rkKPGJuXpTeX"
"1BIX","B1cPG1O7a6lX"
"1BIY","S1iDGkuQpTxQ"
"1BIZ","Hk2DMk_QTag7"
"1BJA","BJ6wM1_X66xm"
"1BJB","HyCvfkdmTagm"
"1BJC","SJk_Mk_Xa6gQ"
"1BJD","rygdG1O7Tpgm"
"1BJE","Sy-Oz1_QaagX"
"1BJF","ryzufkuX6alX"
"1BJG","SkmufJ_QTpg7"
"1BJH","S1NuzJdmTagX"
"1BJI","rJruzkdmpTx7"
"1BJJ","SJ8dzkd7p6x7"
"1BJK","ryPOM1dmpTg7"
"1BJL","Hk__fku7aag7"
"1BJM","SJtuG1OmTpeX"
"1BJN","SJ9dfydXT6xQ"
"1BJO","rysOz1_76pxm"
"1BJP","SJnufyOQ6px7"
"1BJQ","rJpOGk_m6pgX"
"1BJR","r1ROfJOXTag7"
"1BJS","SJyFz1dQ6ax7"
"1BJT","S1gFG1dmpagQ"
"1BJU","SybFMk_mTax7"
"1BJV","SyfFGJOXpaxQ"
"1BJW","Hy7tz1dXTae7"
"1BJX","rJVYMJum6TxX"
"1BJY","S1HYzydma6lX"
"1BJZ","HyLFG1uQTpg7"
"1BKA","HyvKzJdQTaem"
"1BKB","B1dtGyOQapg7"
"1BKC","S1KtMJu7apgm"
"1BKD","HJqFG1_766lm"
"1BKE","S1oYfkO7palm"
"1BKF","rynFzJuma6eQ"
"1BKG","Sk6KGJd76pxm"
"1BKH","rkAFGkdQ6plX"
"1BKI","BJJ5MJ_XTTlQ"
"1BKJ","Bye9MkuQpaxm"
"1BKK","Hk-5MydXTpgQ"
"1BKL","ryzqG1_Xaaem"
"1BKM","r1mqG1O7aTx7"
"1BKN","SkE9Gk_QpaeX"
"1BKO","BJSqfJd7T6g7"
"1BKP","rJIcfJdXTaxQ"
"1BKQ","SkD5fyd7ppgX"
"1BKR","Hy_5zkdQape7"
"1BKS","S1t5GJuQaTlX"
"1BKT","B1q9MydX6al7"
"1BKU","S1j5Gk_Q6axm"
"1BKV","rJh5fydQ6peX"
"1BKW","BJT5MkOQpax7"
"1BKX","Sy0qzJOQ6agQ"
"1BKY","r1kifkd7ppxm"
"1BKZ","rJlsz1_XTTlm"
"1BLA","By-sz1OmTpgQ"
"1BLB","B1MoMJ_Xpaem"
"1BLC","H17jfkum6ag7"
"1BLD","B1Nsf1dQpae7"
"1BLE","BkroGJdXTTgX"
"1BLF","BkUoGy_Qpag7"
"1BLG","H1wiGkOXTpeQ"
"1BLH","rkdjf1d7ppgm"
"1BLI","HJtjfkuQa6xm"
"1BLJ","BycsG1dmapxQ"
"1BLK","Bksof1Om66x7"
"1BLL","S1hjf1O7a6l7"
"1BLM","BJajzy_XTaxQ"
"1BLN","B1CifJdQpplX"
"1BLO","SyJhMJOXpTxX"
"1BLP","Byl2M1uX6TxQ"
"1BLQ","HkZhzJu766lm"
"1BLR","S1GhfJ_7Tagm"
"1BLS","BJQ3fJOXT6eQ"
"1BLT","SkVnGJdX6pgX"
"1BLU","HkH3f1_Qpax7"
"1BLV","B1L3G1uX6pxX"
"1BLW","ByDnGJuQaaxm"
"1BLX","HyunGyuQ6axX"
"1BLY","Hyt2G1uQpaeQ"
"1BLZ","ryqhMyOmaTx7"
"1BMA","rJj2M1umpag7"
"1BMB","HJh3GyuQ6pxX"
"1BMC","r1a2zku7TalQ"
"1BMD","HkAnzyu7aTxX"
"1BME","B11pfyOQpagX"
"1BMF","BJlTMJOQaTlm"
"1BMG","S1bTf1_X66l7"
"1BMH","B1zTfkOmapxQ"
"1BMI","rympfkuXppem"
"1BMJ","rk4aMJOXpTxQ"
"1BMK","BJHTzy_76TeQ"
"1BML","B1I6fkOXTplm"
